[
  {
    "name": "Classic White T-Shirt",
    "description": "Soft cotton crew-neck tee in classic white.",
    "price": 19.99,
    "image": "https://images.unsplash.com/photo-1520975922284-8b456906c813?q=80&w=1200&auto=format&fit=crop",
    "category": "Apparel"
  },
  {
    "name": "Blue Denim Jeans",
    "description": "Regular fit blue denim jeans with a timeless wash.",
    "price": 49.99,
    "image": "https://images.unsplash.com/photo-1516826957135-700dedea698c?q=80&w=1200&auto=format&fit=crop",
    "category": "Apparel"
  },
  {
    "name": "Running Sneakers",
    "description": "Lightweight running shoes with responsive cushioning.",
    "price": 89.99,
    "image": "https://images.unsplash.com/photo-1542291026-7eec264c27ff?q=80&w=1200&auto=format&fit=crop",
    "category": "Footwear"
  },
  {
    "name": "Wireless Headphones",
    "description": "Over-ear Bluetooth headphones with noise isolation.",
    "price": 129.0,
    "image": "https://images.unsplash.com/photo-1518449105439-38cf5b139851?q=80&w=1200&auto=format&fit=crop",
    "category": "Electronics"
  },
  {
    "name": "Smartwatch",
    "description": "Fitness tracking with heart rate monitoring and notifications.",
    "price": 159.0,
    "image": "https://images.unsplash.com/photo-1518444085431-63bdad2cf87f?q=80&w=1200&auto=format&fit=crop",
    "category": "Electronics"
  },
  {
    "name": "Leather Wallet",
    "description": "Compact bifold wallet made from genuine leather.",
    "price": 39.99,
    "image": "https://images.unsplash.com/photo-1558487661-9d4f01e2ad21?q=80&w=1200&auto=format&fit=crop",
    "category": "Accessories"
  },
  {
    "name": "Stainless Steel Water Bottle",
    "description": "Insulated bottle keeps drinks cold for 24h.",
    "price": 24.99,
    "image": "https://images.unsplash.com/photo-1544367567-0f2fcb009e0b?q=80&w=1200&auto=format&fit=crop",
    "category": "Outdoors"
  },
  {
    "name": "Backpack",
    "description": "Durable backpack suitable for everyday use and travel.",
    "price": 59.99,
    "image": "https://images.unsplash.com/photo-1514477917009-389c76a86b68?q=80&w=1200&auto=format&fit=crop",
    "category": "Bags"
  },
  {
    "name": "Sunglasses",
    "description": "UV-protected polarized sunglasses with classic frames.",
    "price": 29.99,
    "image": "https://images.unsplash.com/photo-1511497584788-876760111969?q=80&w=1200&auto=format&fit=crop",
    "category": "Accessories"
  },
  {
    "name": "Hoodie",
    "description": "Fleece-lined hoodie for cozy comfort.",
    "price": 44.99,
    "image": "https://images.unsplash.com/photo-1520975892624-1b66d4d6b10f?q=80&w=1200&auto=format&fit=crop",
    "category": "Apparel"
  }
]


